phase,elapsed_ms,raw,voltage_mv
fast,2,1308,6363
fast,6,1308,6363
fast,16,1307,6357
fast,26,1309,6363
fast,36,1311,6375
fast,46,1311,6375
fast,56,1311,6375
fast,66,1310,6369
fast,76,1311,6375
fast,86,1311,6375
fast,96,1312,6381
fast,106,1314,6392
fast,116,1310,6369
fast,126,1312,6381
fast,136,1311,6375
fast,146,1316,6398
fast,156,1311,6375
fast,166,1315,6392
fast,176,1315,6392
fast,186,1315,6392
fast,196,1315,6392
fast,206,1311,6375
fast,216,1315,6392
fast,226,1317,6404
fast,236,1311,6375
fast,246,1312,6381
fast,256,1311,6375
fast,266,1311,6375
fast,276,1311,6375
fast,286,1315,6392
fast,296,1316,6398
fast,306,1308,6363
fast,316,1309,6363
fast,326,1311,6375
fast,336,1311,6375
fast,346,1315,6392
fast,356,1311,6375
fast,366,1316,6398
fast,376,1316,6398
fast,386,1315,6392
fast,396,1311,6375
fast,406,1315,6392
fast,416,1310,6369
fast,426,1311,6375
fast,436,1315,6392
fast,446,1315,6392
fast,456,1311,6375
fast,466,1311,6375
fast,476,1311,6375
fast,487,1310,6369
fast,496,1310,6369
fast,506,1311,6375
fast,516,1311,6375
fast,526,1312,6381
fast,536,1315,6392
fast,546,1311,6375
fast,556,1317,6404
fast,566,1311,6375
fast,576,1315,6392
fast,586,1315,6392
fast,596,1311,6375
fast,606,1316,6398
fast,616,1315,6392
fast,626,1316,6398
fast,636,1316,6398
fast,646,1312,6381
fast,656,1312,6381
fast,666,1311,6375
fast,676,1311,6375
fast,686,1311,6375
fast,696,1312,6381
fast,706,1311,6375
fast,716,1311,6375
fast,726,1317,6404
fast,736,1311,6375
fast,746,1310,6369
fast,756,1312,6381
fast,766,1311,6375
fast,776,1311,6375
fast,786,1315,6392
fast,796,1315,6392
fast,806,1315,6392
fast,816,1309,6363
fast,826,1311,6375
fast,836,1309,6363
fast,846,1314,6392
fast,856,1311,6375
fast,866,1244,6052
fast,876,1311,6375
fast,886,1311,6375
fast,896,1311,6375
fast,906,1312,6381
fast,916,1311,6375
fast,926,1311,6375
fast,936,1315,6392
fast,946,1315,6392
fast,956,1311,6375
fast,966,1315,6392
fast,976,1309,6363
fast,987,1309,6363
fast,996,1309,6363
fast,1006,1316,6398
fast,1016,1312,6381
fast,1026,1311,6375
fast,1036,1315,6392
fast,1046,1312,6381
fast,1056,1310,6369
fast,1066,1311,6375
fast,1076,1307,6357
fast,1086,1309,6363
fast,1096,1315,6392
fast,1106,1315,6392
fast,1116,1309,6363
fast,1126,1309,6363
fast,1136,1310,6369
fast,1146,1311,6375
fast,1156,1311,6375
fast,1166,1315,6392
fast,1176,1311,6375
fast,1186,1316,6398
fast,1196,1309,6363
fast,1206,1309,6363
fast,1216,1310,6369
fast,1226,1315,6392
fast,1236,1310,6369
fast,1246,1307,6357
fast,1256,1308,6363
fast,1266,1312,6381
fast,1276,1245,6052
fast,1286,1315,6392
fast,1296,1311,6375
fast,1306,1312,6381
fast,1316,1308,6363
fast,1326,1309,6363
fast,1336,1307,6357
fast,1346,1315,6392
fast,1356,1310,6369
fast,1366,1309,6363
fast,1376,1307,6357
fast,1386,1309,6363
fast,1396,1315,6392
fast,1406,1310,6369
fast,1416,1315,6392
fast,1426,1307,6357
fast,1436,1309,6363
fast,1446,1309,6363
fast,1456,1308,6363
fast,1466,1314,6392
fast,1476,1311,6375
fast,1487,1309,6363
fast,1496,1307,6357
fast,1506,1311,6375
fast,1516,1315,6392
fast,1526,1316,6398
fast,1536,1309,6363
fast,1546,1311,6375
fast,1556,1311,6375
fast,1566,1308,6363
fast,1576,1308,6363
fast,1586,1309,6363
fast,1596,1311,6375
fast,1606,1307,6357
fast,1616,1307,6357
fast,1626,1311,6375
fast,1636,1310,6369
fast,1646,1312,6381
fast,1656,1311,6375
fast,1666,1311,6375
fast,1676,1312,6381
fast,1686,1237,6016
fast,1696,1308,6363
fast,1706,1309,6363
fast,1716,1311,6375
fast,1726,1310,6369
fast,1736,1309,6363
fast,1746,1308,6363
fast,1756,1315,6392
fast,1766,1315,6392
fast,1776,1311,6375
fast,1786,1311,6375
fast,1796,1311,6375
fast,1806,1311,6375
fast,1816,1307,6357
fast,1826,1306,6351
fast,1836,1311,6375
fast,1846,1310,6369
fast,1856,1309,6363
fast,1866,1309,6363
fast,1876,1311,6375
fast,1886,1315,6392
fast,1896,1311,6375
fast,1906,1317,6404
fast,1916,1316,6398
fast,1926,1312,6381
fast,1936,1307,6357
fast,1946,1307,6357
fast,1956,1311,6375
fast,1966,1315,6392
fast,1976,1308,6363
fast,1987,1310,6369
fast,1996,1310,6369
fast,2006,1315,6392
fast,2016,1311,6375
fast,2026,1316,6398
fast,2036,1311,6375
fast,2046,1308,6363
fast,2056,1307,6357
fast,2066,1309,6363
fast,2076,1310,6369
fast,2086,1314,6392
fast,2096,1305,6345
fast,2106,1316,6398
fast,2116,1311,6375
fast,2126,1315,6392
fast,2136,1316,6398
fast,2146,1315,6392
fast,2156,1311,6375
fast,2166,1317,6404
fast,2176,1311,6375
fast,2186,1315,6392
fast,2196,1312,6381
fast,2206,1311,6375
fast,2216,1311,6375
fast,2226,1311,6375
fast,2236,1312,6381
fast,2246,1315,6392
fast,2256,1315,6392
fast,2266,1315,6392
fast,2276,1311,6375
fast,2286,1315,6392
fast,2296,1316,6398
fast,2306,1315,6392
fast,2316,1312,6381
fast,2326,1311,6375
fast,2336,1311,6375
fast,2346,1316,6398
fast,2356,1311,6375
fast,2366,1311,6375
fast,2376,1311,6375
fast,2386,1317,6404
fast,2396,1315,6392
fast,2406,1309,6363
fast,2416,1311,6375
fast,2426,1314,6392
fast,2436,1316,6398
fast,2446,1315,6392
fast,2456,1315,6392
fast,2466,1317,6404
fast,2476,1315,6392
fast,2487,1311,6375
fast,2496,1311,6375
fast,2506,1299,6316
fast,2516,1315,6392
fast,2526,1311,6375
fast,2536,1311,6375
fast,2546,1311,6375
fast,2556,1311,6375
fast,2566,1315,6392
fast,2576,1312,6381
fast,2586,1315,6392
fast,2596,1315,6392
fast,2606,1315,6392
fast,2616,1311,6375
fast,2626,1316,6398
fast,2636,1315,6392
fast,2646,1315,6392
fast,2656,1315,6392
fast,2666,1315,6392
fast,2676,1311,6375
fast,2686,1312,6381
fast,2696,1311,6375
fast,2706,1315,6392
fast,2716,1311,6375
fast,2726,1316,6398
fast,2736,1311,6375
fast,2746,1312,6381
fast,2756,1315,6392
fast,2766,1312,6381
fast,2776,1311,6375
fast,2786,1315,6392
fast,2796,1311,6375
fast,2806,1316,6398
fast,2816,1311,6375
fast,2826,1311,6375
fast,2836,1311,6375
fast,2846,1315,6392
fast,2856,1315,6392
fast,2866,1317,6404
fast,2876,1315,6392
fast,2886,1311,6375
fast,2896,1311,6375
fast,2906,1316,6398
fast,2916,1300,6322
fast,2926,1315,6392
fast,2936,1311,6375
fast,2946,1317,6404
fast,2956,1312,6381
fast,2966,1315,6392
fast,2976,1310,6369
fast,2987,1314,6392
fast,2996,1311,6375
fast,3006,1315,6392
fast,3016,1311,6375
fast,3026,1311,6375
fast,3036,1311,6375
fast,3046,1314,6392
fast,3056,1311,6375
fast,3066,1310,6369
fast,3076,1307,6357
fast,3086,1309,6363
fast,3096,1309,6363
fast,3106,1311,6375
fast,3116,1315,6392
fast,3126,1315,6392
fast,3136,1311,6375
fast,3146,1316,6398
fast,3156,1309,6363
fast,3166,1309,6363
fast,3176,1306,6351
fast,3186,1311,6375
fast,3196,1309,6363
fast,3206,1311,6375
fast,3216,1307,6357
fast,3226,1311,6375
fast,3236,1311,6375
fast,3246,1312,6381
fast,3256,1315,6392
fast,3266,1315,6392
fast,3276,1310,6369
fast,3286,1309,6363
fast,3296,1309,6363
fast,3306,1310,6369
fast,3316,1315,6392
fast,3326,1307,6357
fast,3336,1308,6363
fast,3346,1310,6369
fast,3356,1315,6392
fast,3366,1311,6375
fast,3376,1311,6375
fast,3386,1311,6375
fast,3396,1311,6375
fast,3406,1308,6363
fast,3416,1309,6363
fast,3426,1239,6022
fast,3436,1315,6392
fast,3446,1310,6369
fast,3456,1307,6357
fast,3466,1310,6369
fast,3476,1311,6375
fast,3487,1309,6363
fast,3496,1315,6392
fast,3506,1315,6392
fast,3516,1315,6392
fast,3526,1309,6363
fast,3536,1309,6363
fast,3546,1307,6357
fast,3556,1311,6375
fast,3566,1309,6363
fast,3576,1307,6357
fast,3586,1308,6363
fast,3596,1309,6363
fast,3606,1311,6375
fast,3616,1311,6375
fast,3626,1315,6392
fast,3636,1311,6375
fast,3646,1317,6404
fast,3656,1308,6363
fast,3666,1308,6363
fast,3676,1311,6375
fast,3686,1312,6381
fast,3696,1307,6357
fast,3706,1309,6363
fast,3716,1311,6375
fast,3726,1315,6392
fast,3736,1309,6363
fast,3746,1314,6392
fast,3756,1315,6392
fast,3766,1315,6392
fast,3776,1307,6357
fast,3786,1307,6357
fast,3796,1310,6369
fast,3806,1316,6398
fast,3816,1307,6357
fast,3826,1310,6369
fast,3836,1242,6040
fast,3846,1311,6375
fast,3856,1311,6375
fast,3866,1311,6375
fast,3876,1312,6381
fast,3886,1315,6392
fast,3896,1307,6357
fast,3906,1311,6375
fast,3916,1309,6363
fast,3926,1311,6375
fast,3936,1306,6351
fast,3946,1309,6363
fast,3956,1311,6375
fast,3966,1315,6392
fast,3976,1311,6375
fast,3987,1309,6363
fast,3996,1311,6375
fast,4006,1311,6375
fast,4016,1307,6357
fast,4026,1309,6363
fast,4036,1308,6363
fast,4046,1311,6375
fast,4056,1311,6375
fast,4066,1306,6351
fast,4076,1311,6375
fast,4086,1311,6375
fast,4096,1309,6363
fast,4106,1310,6369
fast,4116,1311,6375
fast,4126,1316,6398
fast,4136,1315,6392
fast,4146,1306,6351
fast,4156,1311,6375
fast,4166,1316,6398
fast,4176,1311,6375
fast,4186,1311,6375
fast,4196,1309,6363
fast,4206,1315,6392
fast,4216,1312,6381
fast,4226,1311,6375
fast,4236,1315,6392
fast,4246,1237,6016
fast,4256,1311,6375
fast,4266,1317,6404
fast,4276,1311,6375
fast,4286,1312,6381
fast,4296,1315,6392
fast,4306,1311,6375
fast,4316,1315,6392
fast,4326,1316,6398
fast,4336,1310,6369
fast,4346,1311,6375
fast,4356,1312,6381
fast,4366,1311,6375
fast,4376,1311,6375
fast,4386,1315,6392
fast,4396,1311,6375
fast,4406,1310,6369
fast,4416,1309,6363
fast,4426,1315,6392
fast,4436,1311,6375
fast,4446,1315,6392
fast,4456,1310,6369
fast,4466,1311,6375
fast,4476,1312,6381
fast,4487,1309,6363
fast,4496,1315,6392
fast,4506,1311,6375
fast,4516,1311,6375
fast,4526,1311,6375
fast,4536,1315,6392
fast,4546,1317,6404
fast,4556,1237,6016
fast,4566,1311,6375
fast,4576,1311,6375
fast,4586,1314,6392
fast,4596,1311,6375
fast,4606,1309,6363
fast,4616,1311,6375
fast,4626,1312,6381
fast,4636,1311,6375
fast,4646,1315,6392
fast,4656,1237,6016
fast,4666,1311,6375
fast,4676,1315,6392
fast,4686,1317,6404
fast,4696,1314,6392
fast,4706,1315,6392
fast,4716,1312,6381
fast,4726,1315,6392
fast,4736,1311,6375
fast,4746,1312,6381
fast,4756,1315,6392
fast,4766,1314,6392
fast,4776,1315,6392
fast,4786,1315,6392
fast,4796,1315,6392
fast,4806,1315,6392
fast,4816,1315,6392
fast,4826,1315,6392
fast,4836,1315,6392
fast,4846,1315,6392
fast,4856,1315,6392
fast,4866,1315,6392
fast,4876,1311,6375
fast,4886,1316,6398
fast,4896,1311,6375
fast,4906,1317,6404
fast,4916,1311,6375
fast,4926,1315,6392
fast,4936,1315,6392
fast,4946,1317,6404
fast,4956,1315,6392
fast,4966,1311,6375
fast,4976,1311,6375
fast,4987,1311,6375
fast,4996,1311,6375
medium,4,1311,6375
medium,50,1311,6375
medium,100,1315,6392
medium,150,1311,6375
medium,200,1315,6392
medium,250,1309,6363
medium,300,1309,6363
medium,350,1311,6375
medium,400,1307,6357
medium,450,1311,6375
medium,500,1309,6363
medium,550,1309,6363
medium,600,1311,6375
medium,650,1311,6375
medium,700,1311,6375
medium,750,1308,6363
medium,800,1312,6381
medium,850,1315,6392
medium,900,1309,6363
medium,950,1315,6392
medium,1000,1308,6363
medium,1050,1312,6381
medium,1100,1310,6369
medium,1150,1315,6392
medium,1200,1315,6392
medium,1250,1315,6392
medium,1300,1311,6375
medium,1350,1311,6375
medium,1400,1311,6375
medium,1450,1312,6381
medium,1500,1311,6375
medium,1550,1315,6392
medium,1600,1315,6392
medium,1650,1311,6375
medium,1700,1312,6381
medium,1750,1311,6375
medium,1800,1240,6028
medium,1850,1311,6375
medium,1900,1315,6392
medium,1950,1311,6375
medium,2000,1315,6392
medium,2050,1311,6375
medium,2100,1307,6357
medium,2150,1312,6381
medium,2200,1311,6375
medium,2250,1310,6369
medium,2300,1314,6392
medium,2350,1311,6375
medium,2400,1311,6375
medium,2450,1307,6357
medium,2500,1306,6351
medium,2550,1312,6381
medium,2600,1311,6375
medium,2650,1315,6392
medium,2700,1309,6363
medium,2750,1309,6363
medium,2800,1311,6375
medium,2850,1315,6392
medium,2900,1312,6381
medium,2950,1309,6363
medium,3000,1309,6363
medium,3050,1315,6392
medium,3100,1310,6369
medium,3150,1317,6404
medium,3200,1311,6375
medium,3250,1311,6375
medium,3300,1315,6392
medium,3350,1316,6398
medium,3400,1312,6381
medium,3450,1311,6375
medium,3500,1309,6363
medium,3550,1312,6381
medium,3600,1311,6375
medium,3650,1311,6375
medium,3700,1315,6392
medium,3750,1315,6392
medium,3800,1315,6392
medium,3850,1311,6375
medium,3900,1316,6398
medium,3950,1243,6046
medium,4000,1311,6375
medium,4050,1311,6375
medium,4100,1307,6357
medium,4150,1312,6381
medium,4200,1311,6375
medium,4250,1312,6381
medium,4300,1311,6375
medium,4350,1309,6363
medium,4400,1311,6375
medium,4450,1310,6369
medium,4500,1311,6375
medium,4550,1310,6369
medium,4600,1310,6369
medium,4650,1317,6404
medium,4700,1309,6363
medium,4750,1317,6404
medium,4800,1308,6363
medium,4850,1311,6375
medium,4900,1316,6398
medium,4950,1309,6363
medium,5000,1311,6375
medium,5050,1310,6369
medium,5100,1315,6392
medium,5150,1311,6375
medium,5200,1315,6392
medium,5250,1311,6375
medium,5300,1312,6381
medium,5350,1311,6375
medium,5400,1311,6375
medium,5450,1312,6381
medium,5500,1315,6392
medium,5550,1311,6375
medium,5600,1312,6381
medium,5650,1309,6363
medium,5700,1315,6392
medium,5750,1315,6392
medium,5800,1312,6381
medium,5850,1311,6375
medium,5900,1311,6375
medium,5950,1309,6363
medium,6000,1309,6363
medium,6050,1311,6375
medium,6100,1240,6028
medium,6150,1311,6375
medium,6200,1309,6363
medium,6250,1316,6398
medium,6300,1308,6363
medium,6350,1315,6392
medium,6400,1307,6357
medium,6450,1315,6392
medium,6500,1311,6375
medium,6550,1309,6363
medium,6600,1315,6392
medium,6650,1307,6357
medium,6700,1314,6392
medium,6750,1309,6363
medium,6800,1311,6375
medium,6850,1235,6005
medium,6900,1311,6375
medium,6950,1311,6375
medium,7000,1309,6363
medium,7050,1308,6363
medium,7100,1311,6375
medium,7150,1316,6398
medium,7200,1315,6392
medium,7250,1315,6392
medium,7300,1311,6375
medium,7350,1311,6375
medium,7400,1311,6375
medium,7450,1312,6381
medium,7500,1315,6392
medium,7550,1311,6375
medium,7600,1317,6404
medium,7650,1311,6375
medium,7700,1315,6392
medium,7750,1315,6392
medium,7800,1311,6375
medium,7850,1315,6392
medium,7900,1315,6392
medium,7950,1311,6375
medium,8000,1310,6369
medium,8050,1311,6375
medium,8100,1307,6357
medium,8150,1298,6310
medium,8200,1310,6369
medium,8250,1260,6128
medium,8300,1315,6392
medium,8350,1309,6363
medium,8400,1307,6357
medium,8450,1315,6392
medium,8500,1311,6375
medium,8550,1315,6392
medium,8600,1309,6363
medium,8650,1309,6363
medium,8700,1312,6381
medium,8750,1311,6375
medium,8800,1311,6375
medium,8850,1308,6363
medium,8900,1309,6363
medium,8950,1311,6375
medium,9000,1309,6363
medium,9050,1311,6375
medium,9100,1312,6381
medium,9150,1311,6375
medium,9200,1315,6392
medium,9250,1311,6375
medium,9300,1316,6398
medium,9350,1315,6392
medium,9400,1315,6392
medium,9450,1315,6392
medium,9500,1315,6392
medium,9550,1316,6398
medium,9600,1311,6375
medium,9650,1315,6392
medium,9700,1312,6381
medium,9750,1315,6392
medium,9800,1316,6398
medium,9850,1315,6392
medium,9900,1317,6404
medium,9950,1315,6392
medium,10000,1310,6369
medium,10050,1314,6392
medium,10100,1311,6375
medium,10150,1316,6398
medium,10200,1311,6375
medium,10250,1308,6363
medium,10300,1240,6028
medium,10350,1315,6392
medium,10400,1315,6392
medium,10450,1308,6363
medium,10500,1311,6375
medium,10550,1315,6392
medium,10600,1309,6363
medium,10650,1317,6404
medium,10700,1309,6363
medium,10750,1316,6398
medium,10800,1311,6375
medium,10850,1307,6357
medium,10900,1315,6392
medium,10950,1311,6375
medium,11000,1312,6381
medium,11050,1310,6369
medium,11100,1316,6398
medium,11150,1317,6404
medium,11200,1315,6392
medium,11250,1312,6381
medium,11300,1311,6375
medium,11350,1312,6381
medium,11400,1309,6363
medium,11450,1315,6392
medium,11500,1311,6375
medium,11550,1311,6375
medium,11600,1311,6375
medium,11650,1311,6375
medium,11700,1315,6392
medium,11750,1312,6381
medium,11800,1315,6392
medium,11850,1315,6392
medium,11900,1311,6375
medium,11950,1316,6398
medium,12000,1311,6375
medium,12050,1310,6369
medium,12100,1310,6369
medium,12150,1316,6398
medium,12200,1306,6351
medium,12250,1311,6375
medium,12300,1309,6363
medium,12350,1315,6392
medium,12400,1307,6357
medium,12450,1236,6010
medium,12500,1311,6375
medium,12550,1315,6392
medium,12600,1315,6392
medium,12650,1310,6369
medium,12700,1309,6363
medium,12750,1315,6392
medium,12800,1312,6381
medium,12850,1311,6375
medium,12900,1311,6375
medium,12950,1309,6363
medium,13000,1311,6375
medium,13050,1317,6404
medium,13100,1315,6392
medium,13150,1315,6392
medium,13200,1315,6392
medium,13250,1311,6375
medium,13300,1317,6404
medium,13350,1311,6375
medium,13400,1311,6375
medium,13450,1311,6375
medium,13500,1312,6381
medium,13550,1315,6392
medium,13600,1315,6392
medium,13650,1312,6381
medium,13700,1312,6381
medium,13750,1315,6392
medium,13800,1315,6392
medium,13850,1311,6375
medium,13900,1315,6392
medium,13950,1311,6375
medium,14000,1311,6375
medium,14050,1315,6392
medium,14100,1315,6392
medium,14150,1311,6375
medium,14200,1311,6375
medium,14250,1310,6369
medium,14300,1311,6375
medium,14350,1315,6392
medium,14400,1309,6363
medium,14450,1314,6392
medium,14500,1307,6357
medium,14550,1307,6357
medium,14600,1240,6028
medium,14650,1311,6375
medium,14700,1311,6375
medium,14750,1308,6363
medium,14800,1311,6375
medium,14850,1315,6392
medium,14900,1309,6363
medium,14950,1315,6392
medium,15000,1307,6357
medium,15050,1315,6392
medium,15100,1317,6404
medium,15150,1315,6392
medium,15200,1315,6392
medium,15250,1312,6381
medium,15300,1312,6381
medium,15350,1317,6404
medium,15400,1311,6375
medium,15450,1311,6375
medium,15500,1311,6375
medium,15550,1316,6398
medium,15600,1312,6381
medium,15650,1315,6392
medium,15700,1315,6392
medium,15750,1315,6392
medium,15800,1316,6398
medium,15850,1316,6398
medium,15900,1316,6398
medium,15950,1315,6392
medium,16000,1316,6398
medium,16050,1312,6381
medium,16100,1308,6363
medium,16150,1310,6369
medium,16200,1312,6381
medium,16250,1311,6375
medium,16300,1312,6381
medium,16350,1309,6363
medium,16400,1311,6375
medium,16450,1309,6363
medium,16500,1311,6375
medium,16550,1314,6392
medium,16600,1308,6363
medium,16650,1311,6375
medium,16700,1311,6375
medium,16750,1309,6363
medium,16800,1316,6398
medium,16850,1310,6369
medium,16900,1312,6381
medium,16950,1309,6363
medium,17000,1309,6363
medium,17050,1311,6375
medium,17100,1311,6375
medium,17150,1311,6375
medium,17200,1315,6392
medium,17250,1311,6375
medium,17300,1315,6392
medium,17350,1315,6392
medium,17400,1311,6375
medium,17450,1317,6404
medium,17500,1312,6381
medium,17550,1312,6381
medium,17600,1315,6392
medium,17650,1311,6375
medium,17700,1317,6404
medium,17750,1311,6375
medium,17800,1316,6398
medium,17850,1311,6375
medium,17900,1315,6392
medium,17950,1312,6381
medium,18000,1316,6398
medium,18050,1315,6392
medium,18100,1309,6363
medium,18150,1315,6392
medium,18200,1311,6375
medium,18250,1311,6375
medium,18300,1311,6375
medium,18350,1310,6369
medium,18400,1312,6381
medium,18450,1309,6363
medium,18500,1312,6381
medium,18550,1309,6363
medium,18600,1310,6369
medium,18650,1311,6375
medium,18700,1311,6375
medium,18750,1316,6398
medium,18800,1237,6016
medium,18850,1309,6363
medium,18900,1267,6163
medium,18950,1315,6392
medium,19000,1312,6381
medium,19050,1309,6363
medium,19100,1311,6375
medium,19150,1315,6392
medium,19200,1315,6392
medium,19250,1311,6375
medium,19300,1311,6375
medium,19350,1315,6392
medium,19400,1311,6375
medium,19450,1315,6392
medium,19500,1311,6375
medium,19550,1315,6392
medium,19600,1311,6375
medium,19650,1311,6375
medium,19700,1312,6381
medium,19750,1311,6375
medium,19800,1315,6392
medium,19850,1315,6392
medium,19900,1315,6392
medium,19950,1317,6404
medium,20000,1315,6392
medium,20050,1311,6375
medium,20100,1316,6398
medium,20150,1309,6363
medium,20200,1307,6357
medium,20250,1317,6404
medium,20300,1309,6363
medium,20350,1317,6404
medium,20400,1308,6363
medium,20450,1311,6375
medium,20500,1311,6375
medium,20550,1309,6363
medium,20600,1312,6381
medium,20650,1309,6363
medium,20700,1311,6375
medium,20750,1311,6375
medium,20800,1307,6357
medium,20850,1315,6392
medium,20900,1306,6351
medium,20950,1309,6363
medium,21000,1308,6363
medium,21050,1241,6034
medium,21100,1310,6369
medium,21150,1311,6375
medium,21200,1317,6404
medium,21250,1310,6369
medium,21300,1315,6392
medium,21350,1316,6398
medium,21400,1315,6392
medium,21450,1317,6404
medium,21500,1312,6381
medium,21550,1311,6375
medium,21600,1315,6392
medium,21650,1312,6381
medium,21700,1315,6392
medium,21750,1316,6398
medium,21800,1312,6381
medium,21850,1315,6392
medium,21900,1317,6404
medium,21950,1315,6392
medium,22000,1315,6392
medium,22050,1311,6375
medium,22100,1311,6375
medium,22150,1308,6363
medium,22200,1315,6392
medium,22250,1311,6375
medium,22300,1312,6381
medium,22350,1309,6363
medium,22400,1308,6363
medium,22450,1311,6375
medium,22500,1311,6375
medium,22550,1311,6375
medium,22600,1311,6375
medium,22650,1309,6363
medium,22700,1315,6392
medium,22750,1315,6392
medium,22800,1310,6369
medium,22850,1307,6357
medium,22900,1307,6357
medium,22950,1311,6375
medium,23000,1311,6375
medium,23050,1308,6363
medium,23100,1237,6016
medium,23150,1312,6381
medium,23200,1311,6375
medium,23250,1312,6381
medium,23300,1315,6392
medium,23350,1315,6392
medium,23400,1310,6369
medium,23450,1315,6392
medium,23500,1311,6375
medium,23550,1317,6404
medium,23600,1311,6375
medium,23650,1311,6375
medium,23700,1317,6404
medium,23750,1315,6392
medium,23800,1317,6404
medium,23850,1312,6381
medium,23900,1315,6392
medium,23950,1315,6392
medium,24000,1316,6398
medium,24050,1317,6404
medium,24100,1311,6375
medium,24150,1315,6392
medium,24200,1309,6363
medium,24250,1309,6363
medium,24300,1315,6392
medium,24350,1315,6392
medium,24400,1310,6369
medium,24450,1309,6363
medium,24500,1309,6363
medium,24550,1315,6392
medium,24600,1311,6375
medium,24650,1315,6392
medium,24700,1311,6375
medium,24750,1311,6375
medium,24800,1315,6392
medium,24850,1309,6363
medium,24900,1315,6392
medium,24950,1309,6363
medium,25000,1311,6375
medium,25050,1312,6381
medium,25100,1311,6375
medium,25150,1315,6392
medium,25200,1317,6404
medium,25250,1239,6022
medium,25300,1317,6404
medium,25350,1314,6392
medium,25400,1311,6375
medium,25450,1310,6369
medium,25500,1310,6369
medium,25550,1311,6375
medium,25600,1315,6392
medium,25650,1315,6392
medium,25700,1316,6398
medium,25750,1315,6392
medium,25800,1316,6398
medium,25850,1311,6375
medium,25900,1315,6392
medium,25950,1312,6381
medium,26000,1311,6375
medium,26050,1311,6375
medium,26100,1311,6375
medium,26150,1316,6398
medium,26200,1309,6363
medium,26250,1312,6381
medium,26300,1310,6369
medium,26350,1310,6369
medium,26400,1309,6363
medium,26450,1308,6363
medium,26500,1311,6375
medium,26550,1311,6375
medium,26600,1316,6398
medium,26650,1308,6363
medium,26700,1309,6363
medium,26750,1315,6392
medium,26800,1311,6375
medium,26850,1312,6381
medium,26900,1310,6369
medium,26950,1310,6369
medium,27000,1310,6369
medium,27050,1310,6369
medium,27100,1311,6375
medium,27150,1315,6392
medium,27200,1315,6392
medium,27250,1308,6363
medium,27300,1311,6375
medium,27350,1315,6392
medium,27400,1237,6016
medium,27450,1316,6398
medium,27500,1312,6381
medium,27550,1316,6398
medium,27600,1315,6392
medium,27650,1315,6392
medium,27700,1317,6404
medium,27750,1311,6375
medium,27800,1315,6392
medium,27850,1315,6392
medium,27900,1316,6398
medium,27950,1315,6392
medium,28000,1315,6392
medium,28050,1311,6375
medium,28100,1311,6375
medium,28150,1311,6375
medium,28200,1312,6381
medium,28250,1308,6363
medium,28300,1309,6363
medium,28350,1317,6404
medium,28400,1311,6375
medium,28450,1311,6375
medium,28500,1309,6363
medium,28550,1309,6363
medium,28600,1316,6398
medium,28650,1315,6392
medium,28700,1315,6392
medium,28750,1309,6363
medium,28800,1309,6363
medium,28850,1312,6381
medium,28900,1308,6363
medium,28950,1315,6392
medium,29000,1309,6363
medium,29050,1311,6375
medium,29100,1311,6375
medium,29150,1317,6404
medium,29200,1311,6375
medium,29250,1311,6375
medium,29300,1312,6381
medium,29350,1311,6375
medium,29400,1311,6375
medium,29450,1310,6369
medium,29500,1311,6375
medium,29550,1238,6022
medium,29600,1311,6375
medium,29650,1311,6375
medium,29700,1315,6392
medium,29750,1317,6404
medium,29800,1317,6404
medium,29850,1315,6392
medium,29900,1311,6375
medium,29950,1311,6375
medium,30000,1311,6375
medium,30050,1310,6369
medium,30100,1309,6363
medium,30150,1309,6363
medium,30200,1311,6375
medium,30250,1310,6369
medium,30300,1315,6392
medium,30350,1309,6363
medium,30400,1310,6369
medium,30450,1312,6381
medium,30500,1309,6363
medium,30550,1317,6404
medium,30600,1311,6375
medium,30650,1311,6375
medium,30700,1307,6357
medium,30750,1309,6363
medium,30800,1315,6392
medium,30850,1310,6369
medium,30900,1316,6398
medium,30950,1308,6363
medium,31000,1308,6363
medium,31050,1315,6392
medium,31100,1315,6392
medium,31150,1317,6404
medium,31200,1316,6398
medium,31250,1311,6375
medium,31300,1316,6398
medium,31350,1315,6392
medium,31400,1311,6375
medium,31450,1315,6392
medium,31500,1311,6375
medium,31550,1310,6369
medium,31600,1311,6375
medium,31650,1311,6375
medium,31700,1243,6046
medium,31750,1317,6404
medium,31800,1315,6392
medium,31850,1311,6375
medium,31900,1316,6398
medium,31950,1317,6404
medium,32000,1316,6398
medium,32050,1315,6392
medium,32100,1307,6357
medium,32150,1315,6392
medium,32200,1311,6375
medium,32250,1315,6392
medium,32300,1310,6369
medium,32350,1315,6392
medium,32400,1311,6375
medium,32450,1310,6369
medium,32500,1311,6375
medium,32550,1310,6369
medium,32600,1309,6363
medium,32650,1315,6392
medium,32700,1315,6392
medium,32750,1317,6404
medium,32800,1309,6363
medium,32850,1309,6363
medium,32900,1311,6375
medium,32951,1306,6351
medium,33000,1315,6392
medium,33050,1308,6363
medium,33100,1311,6375
medium,33150,1315,6392
medium,33200,1311,6375
medium,33250,1311,6375
medium,33300,1311,6375
medium,33350,1316,6398
medium,33400,1315,6392
medium,33450,1312,6381
medium,33500,1315,6392
medium,33550,1312,6381
medium,33600,1311,6375
medium,33650,1315,6392
medium,33700,1315,6392
medium,33750,1311,6375
medium,33800,1315,6392
medium,33850,1245,6052
medium,33900,1315,6392
medium,33951,1309,6363
medium,34000,1311,6375
medium,34050,1311,6375
medium,34100,1315,6392
medium,34150,1309,6363
medium,34200,1311,6375
medium,34250,1315,6392
medium,34300,1316,6398
medium,34350,1311,6375
medium,34400,1308,6363
medium,34450,1309,6363
medium,34500,1312,6381
medium,34550,1310,6369
medium,34600,1317,6404
medium,34650,1311,6375
medium,34700,1311,6375
medium,34750,1316,6398
medium,34800,1308,6363
medium,34850,1311,6375
medium,34900,1311,6375
medium,34951,1310,6369
medium,35000,1309,6363
medium,35050,1308,6363
medium,35100,1312,6381
medium,35150,1316,6398
medium,35200,1317,6404
medium,35250,1315,6392
medium,35300,1316,6398
medium,35350,1312,6381
medium,35400,1311,6375
medium,35450,1316,6398
medium,35500,1315,6392
medium,35550,1315,6392
medium,35600,1315,6392
medium,35650,1310,6369
medium,35700,1316,6398
medium,35750,1311,6375
medium,35800,1315,6392
medium,35850,1309,6363
medium,35900,1240,6028
medium,35950,1315,6392
medium,36000,1315,6392
medium,36050,1311,6375
medium,36100,1311,6375
medium,36150,1310,6369
medium,36200,1316,6398
medium,36250,1310,6369
medium,36300,1311,6375
medium,36350,1311,6375
medium,36400,1309,6363
medium,36450,1311,6375
medium,36500,1311,6375
medium,36550,1317,6404
medium,36600,1310,6369
medium,36650,1312,6381
medium,36700,1311,6375
medium,36750,1315,6392
medium,36800,1315,6392
medium,36850,1308,6363
medium,36900,1308,6363
medium,36951,1307,6357
medium,37000,1311,6375
medium,37050,1312,6381
medium,37100,1316,6398
medium,37150,1316,6398
medium,37200,1315,6392
medium,37250,1316,6398
medium,37300,1317,6404
medium,37350,1315,6392
medium,37400,1312,6381
medium,37450,1315,6392
medium,37500,1311,6375
medium,37550,1315,6392
medium,37600,1315,6392
medium,37650,1315,6392
medium,37700,1317,6404
medium,37750,1315,6392
medium,37800,1311,6375
medium,37850,1311,6375
medium,37900,1309,6363
medium,37950,1315,6392
medium,38000,1309,6363
medium,38050,1235,6005
medium,38100,1316,6398
medium,38150,1311,6375
medium,38200,1309,6363
medium,38250,1307,6357
medium,38300,1315,6392
medium,38350,1311,6375
medium,38400,1311,6375
medium,38450,1308,6363
medium,38500,1310,6369
medium,38550,1317,6404
medium,38600,1315,6392
medium,38650,1315,6392
medium,38700,1307,6357
medium,38750,1311,6375
medium,38800,1315,6392
medium,38850,1307,6357
medium,38900,1316,6398
medium,38950,1307,6357
medium,39000,1315,6392
medium,39050,1315,6392
medium,39100,1311,6375
medium,39150,1316,6398
medium,39200,1315,6392
medium,39250,1315,6392
medium,39300,1311,6375
medium,39350,1312,6381
medium,39400,1314,6392
medium,39450,1315,6392
medium,39500,1311,6375
medium,39550,1315,6392
medium,39600,1311,6375
medium,39650,1312,6381
medium,39700,1311,6375
medium,39750,1317,6404
medium,39800,1316,6398
medium,39850,1315,6392
medium,39900,1315,6392
medium,39950,1309,6363
medium,40000,1311,6375
medium,40050,1311,6375
medium,40100,1307,6357
medium,40150,1311,6375
medium,40200,1235,6005
medium,40250,1316,6398
medium,40300,1309,6363
medium,40350,1315,6392
medium,40400,1308,6363
medium,40450,1308,6363
medium,40500,1311,6375
medium,40550,1310,6369
medium,40600,1311,6375
medium,40650,1308,6363
medium,40700,1307,6357
medium,40750,1316,6398
medium,40800,1311,6375
medium,40850,1312,6381
medium,40900,1308,6363
medium,40950,1310,6369
medium,41000,1312,6381
medium,41050,1316,6398
medium,41100,1311,6375
medium,41150,1316,6398
medium,41200,1311,6375
medium,41250,1311,6375
medium,41300,1311,6375
medium,41350,1311,6375
medium,41400,1309,6363
medium,41450,1317,6404
medium,41500,1310,6369
medium,41550,1317,6404
medium,41600,1317,6404
medium,41650,1311,6375
medium,41700,1315,6392
medium,41750,1317,6404
medium,41800,1315,6392
medium,41850,1317,6404
medium,41900,1315,6392
medium,41950,1317,6404
medium,42000,1315,6392
medium,42050,1311,6375
medium,42100,1311,6375
medium,42150,1315,6392
medium,42200,1308,6363
medium,42250,1308,6363
medium,42300,1309,6363
medium,42350,1240,6028
medium,42400,1311,6375
medium,42450,1311,6375
medium,42500,1309,6363
medium,42550,1308,6363
medium,42600,1317,6404
medium,42650,1316,6398
medium,42700,1312,6381
medium,42750,1309,6363
medium,42800,1309,6363
medium,42850,1311,6375
medium,42900,1311,6375
medium,42950,1311,6375
medium,43000,1308,6363
medium,43050,1310,6369
medium,43100,1311,6375
medium,43150,1317,6404
medium,43200,1311,6375
medium,43250,1311,6375
medium,43300,1317,6404
medium,43350,1315,6392
medium,43400,1317,6404
medium,43450,1315,6392
medium,43500,1311,6375
medium,43550,1311,6375
medium,43600,1315,6392
medium,43650,1315,6392
medium,43700,1315,6392
medium,43750,1312,6381
medium,43800,1317,6404
medium,43850,1311,6375
medium,43900,1315,6392
medium,43950,1315,6392
medium,44000,1312,6381
medium,44050,1312,6381
medium,44100,1307,6357
medium,44150,1309,6363
medium,44200,1312,6381
medium,44250,1308,6363
medium,44300,1315,6392
medium,44350,1307,6357
medium,44400,1310,6369
medium,44450,1311,6375
medium,44500,1240,6028
medium,44550,1311,6375
medium,44600,1309,6363
medium,44650,1311,6375
medium,44700,1308,6363
medium,44750,1309,6363
medium,44800,1311,6375
medium,44850,1310,6369
medium,44900,1311,6375
medium,44950,1309,6363
medium,45000,1311,6375
medium,45050,1317,6404
medium,45100,1311,6375
medium,45150,1315,6392
medium,45200,1312,6381
medium,45250,1315,6392
medium,45300,1315,6392
medium,45350,1316,6398
medium,45400,1309,6363
medium,45450,1317,6404
medium,45500,1315,6392
medium,45550,1315,6392
medium,45600,1316,6398
medium,45650,1311,6375
medium,45700,1311,6375
medium,45750,1311,6375
medium,45800,1315,6392
medium,45850,1311,6375
medium,45900,1317,6404
medium,45950,1316,6398
medium,46000,1311,6375
medium,46050,1311,6375
medium,46100,1309,6363
medium,46150,1315,6392
medium,46200,1309,6363
medium,46250,1317,6404
medium,46300,1309,6363
medium,46350,1309,6363
medium,46400,1311,6375
medium,46450,1311,6375
medium,46500,1317,6404
medium,46550,1306,6351
medium,46600,1309,6363
medium,46650,1255,6105
medium,46700,1316,6398
medium,46750,1312,6381
medium,46800,1309,6363
medium,46850,1308,6363
medium,46900,1312,6381
medium,46950,1311,6375
medium,47000,1311,6375
medium,47050,1311,6375
medium,47100,1311,6375
medium,47150,1311,6375
medium,47200,1315,6392
medium,47250,1311,6375
medium,47300,1311,6375
medium,47350,1315,6392
medium,47400,1315,6392
medium,47450,1316,6398
medium,47500,1315,6392
medium,47550,1311,6375
medium,47600,1311,6375
medium,47650,1311,6375
medium,47700,1315,6392
medium,47750,1315,6392
medium,47800,1311,6375
medium,47850,1316,6398
medium,47900,1315,6392
medium,47950,1310,6369
medium,48000,1311,6375
medium,48050,1311,6375
medium,48100,1315,6392
medium,48150,1310,6369
medium,48200,1311,6375
medium,48250,1311,6375
medium,48300,1311,6375
medium,48350,1311,6375
medium,48400,1310,6369
medium,48450,1309,6363
medium,48500,1311,6375
medium,48550,1311,6375
medium,48600,1312,6381
medium,48650,1306,6351
medium,48700,1237,6016
medium,48750,1317,6404
medium,48800,1311,6375
medium,48850,1311,6375
medium,48900,1311,6375
medium,48950,1316,6398
medium,49000,1315,6392
medium,49050,1309,6363
medium,49100,1311,6375
medium,49150,1312,6381
medium,49200,1311,6375
medium,49250,1311,6375
medium,49300,1316,6398
medium,49350,1316,6398
medium,49400,1311,6375
medium,49450,1316,6398
medium,49500,1311,6375
medium,49550,1311,6375
medium,49600,1312,6381
medium,49650,1312,6381
medium,49700,1311,6375
medium,49750,1315,6392
medium,49800,1312,6381
medium,49850,1312,6381
medium,49900,1315,6392
medium,49950,1316,6398
medium,50000,1311,6375
medium,50050,1311,6375
medium,50100,1311,6375
medium,50150,1310,6369
medium,50200,1311,6375
medium,50250,1309,6363
medium,50300,1312,6381
medium,50350,1315,6392
medium,50400,1309,6363
medium,50450,1311,6375
medium,50500,1309,6363
medium,50550,1316,6398
medium,50600,1309,6363
medium,50650,1310,6369
medium,50700,1310,6369
medium,50750,1316,6398
medium,50800,1309,6363
medium,50850,1270,6175
medium,50900,1309,6363
medium,50950,1310,6369
medium,51000,1311,6375
medium,51050,1315,6392
medium,51100,1315,6392
medium,51150,1315,6392
medium,51200,1312,6381
medium,51250,1317,6404
medium,51300,1311,6375
medium,51350,1317,6404
medium,51400,1310,6369
medium,51450,1310,6369
medium,51500,1316,6398
medium,51550,1315,6392
medium,51600,1317,6404
medium,51650,1310,6369
medium,51700,1315,6392
medium,51750,1312,6381
medium,51800,1316,6398
medium,51850,1315,6392
medium,51900,1317,6404
medium,51950,1318,6410
medium,52000,1312,6381
medium,52050,1311,6375
medium,52100,1315,6392
medium,52150,1311,6375
medium,52200,1310,6369
medium,52250,1310,6369
medium,52300,1317,6404
medium,52350,1311,6375
medium,52400,1311,6375
medium,52450,1309,6363
medium,52500,1309,6363
medium,52550,1316,6398
medium,52600,1315,6392
medium,52650,1315,6392
medium,52700,1309,6363
medium,52750,1310,6369
medium,52800,1312,6381
medium,52850,1308,6363
medium,52900,1315,6392
medium,52950,1307,6357
medium,53000,1237,6016
medium,53050,1311,6375
medium,53100,1315,6392
medium,53150,1317,6404
medium,53200,1312,6381
medium,53250,1311,6375
medium,53300,1316,6398
medium,53350,1315,6392
medium,53400,1311,6375
medium,53450,1317,6404
medium,53500,1316,6398
medium,53550,1315,6392
medium,53600,1315,6392
medium,53650,1315,6392
medium,53700,1311,6375
medium,53750,1315,6392
medium,53800,1315,6392
medium,53850,1315,6392
medium,53900,1315,6392
medium,53950,1316,6398
medium,54000,1315,6392
medium,54050,1311,6375
medium,54100,1309,6363
medium,54150,1317,6404
medium,54200,1309,6363
medium,54250,1316,6398
medium,54300,1309,6363
medium,54350,1315,6392
medium,54400,1309,6363
medium,54450,1309,6363
medium,54500,1311,6375
medium,54550,1309,6363
medium,54600,1312,6381
medium,54650,1315,6392
medium,54700,1309,6363
medium,54750,1316,6398
medium,54800,1315,6392
medium,54850,1312,6381
medium,54900,1311,6375
medium,54950,1311,6375
medium,55000,1316,6398
medium,55050,1315,6392
medium,55100,1315,6392
medium,55150,1244,6052
medium,55200,1315,6392
medium,55250,1311,6375
medium,55300,1317,6404
medium,55350,1316,6398
medium,55400,1311,6375
medium,55450,1315,6392
medium,55500,1317,6404
medium,55550,1315,6392
medium,55600,1317,6404
medium,55650,1317,6404
medium,55700,1315,6392
medium,55750,1317,6404
medium,55800,1315,6392
medium,55850,1315,6392
medium,55900,1312,6381
medium,55950,1315,6392
medium,56000,1312,6381
medium,56050,1315,6392
medium,56100,1311,6375
medium,56150,1312,6381
medium,56200,1315,6392
medium,56250,1309,6363
medium,56300,1309,6363
medium,56350,1315,6392
medium,56400,1311,6375
medium,56450,1311,6375
medium,56500,1311,6375
medium,56550,1307,6357
medium,56600,1318,6410
medium,56650,1311,6375
medium,56700,1315,6392
medium,56750,1310,6369
medium,56800,1311,6375
medium,56850,1315,6392
medium,56900,1316,6398
medium,56950,1315,6392
medium,57000,1309,6363
medium,57050,1308,6363
medium,57100,1312,6381
medium,57150,1311,6375
medium,57200,1309,6363
medium,57250,1311,6375
medium,57300,1253,6093
medium,57350,1315,6392
medium,57400,1311,6375
medium,57450,1316,6398
medium,57500,1312,6381
medium,57550,1317,6404
medium,57600,1316,6398
medium,57650,1315,6392
medium,57700,1316,6398
medium,57750,1315,6392
medium,57800,1316,6398
medium,57850,1315,6392
medium,57900,1315,6392
medium,57950,1315,6392
medium,58000,1311,6375
medium,58050,1314,6392
medium,58100,1309,6363
medium,58150,1311,6375
medium,58200,1315,6392
medium,58250,1315,6392
medium,58300,1317,6404
medium,58350,1308,6363
medium,58400,1310,6369
medium,58450,1311,6375
medium,58500,1309,6363
medium,58550,1315,6392
medium,58600,1309,6363
medium,58650,1316,6398
medium,58700,1315,6392
medium,58750,1311,6375
medium,58800,1316,6398
medium,58850,1309,6363
medium,58900,1315,6392
medium,58950,1311,6375
medium,59000,1309,6363
medium,59050,1315,6392
medium,59100,1315,6392
medium,59150,1317,6404
medium,59200,1317,6404
medium,59250,1315,6392
medium,59300,1309,6363
medium,59350,1310,6369
medium,59401,1311,6375
medium,59450,1316,6398
medium,59500,1315,6392
medium,59550,1315,6392
medium,59600,1316,6398
medium,59650,1312,6381
medium,59700,1317,6404
medium,59750,1317,6404
medium,59800,1319,6416
medium,59850,1315,6392
medium,59900,1315,6392
medium,59950,1315,6392
medium,60000,1311,6375
slow,5,1311,6375
slow,500,1309,6363
slow,1000,1308,6363
slow,1500,1317,6404
slow,2000,1312,6381
slow,2500,1311,6375
slow,3000,1310,6369
slow,3500,1312,6381
slow,4000,1315,6392
slow,4500,1311,6375
slow,5000,1315,6392
slow,5500,1316,6398
slow,6000,1317,6404
slow,6500,1312,6381
slow,7000,1311,6375
slow,7500,1316,6398
slow,8000,1311,6375
slow,8500,1307,6357
slow,9000,1312,6381
slow,9500,1311,6375
slow,10000,1311,6375
slow,10500,1309,6363
slow,11000,1311,6375
slow,11500,1311,6375
slow,12000,1311,6375
slow,12500,1314,6392
slow,13000,1311,6375
slow,13500,1315,6392
slow,14000,1315,6392
slow,14500,1308,6363
slow,15000,1309,6363
slow,15500,1311,6375
slow,16000,1317,6404
slow,16500,1311,6375
slow,17000,1309,6363
slow,17500,1311,6375
slow,18000,1312,6381
slow,18500,1311,6375
slow,19000,1315,6392
slow,19500,1315,6392
slow,20000,1311,6375
slow,20500,1312,6381
slow,21000,1311,6375
slow,21500,1315,6392
slow,22000,1315,6392
slow,22500,1309,6363
slow,23000,1311,6375
slow,23500,1311,6375
slow,24000,1311,6375
slow,24500,1309,6363
slow,25000,1248,6069
slow,25500,1311,6375
slow,26000,1311,6375
slow,26500,1311,6375
slow,27000,1311,6375
slow,27500,1311,6375
slow,28000,1315,6392
slow,28500,1311,6375
slow,29000,1307,6357
slow,29500,1312,6381
slow,30000,1311,6375
slow,30500,1315,6392
slow,31000,1309,6363
slow,31500,1316,6398
slow,32000,1315,6392
slow,32500,1311,6375
slow,33000,1315,6392
slow,33500,1241,6034
slow,34000,1311,6375
slow,34500,1311,6375
slow,35000,1311,6375
slow,35500,1308,6363
slow,36000,1315,6392
slow,36500,1308,6363
slow,37000,1309,6363
slow,37500,1310,6369
slow,38000,1311,6375
slow,38500,1309,6363
slow,39000,1309,6363
slow,39500,1311,6375
slow,40000,1311,6375
slow,40500,1312,6381
slow,41000,1312,6381
slow,41500,1311,6375
slow,42000,1235,6005
slow,42500,1311,6375
slow,43000,1308,6363
slow,43500,1315,6392
slow,44000,1311,6375
slow,44500,1312,6381
slow,45000,1309,6363
slow,45500,1315,6392
slow,46000,1311,6375
slow,46500,1315,6392
slow,47000,1315,6392
slow,47500,1312,6381
slow,48000,1315,6392
slow,48500,1311,6375
slow,49000,1315,6392
slow,49500,1316,6398
slow,50000,1312,6381
slow,50500,1299,6316
slow,51000,1311,6375
slow,51500,1312,6381
slow,52000,1316,6398
slow,52500,1307,6357
slow,53000,1309,6363
slow,53500,1311,6375
slow,54000,1311,6375
slow,54500,1311,6375
slow,55000,1311,6375
slow,55500,1316,6398
slow,56000,1311,6375
slow,56500,1309,6363
slow,57000,1308,6363
slow,57500,1311,6375
slow,58000,1312,6381
slow,58500,1311,6375
slow,59000,1307,6357
slow,59500,1311,6375
slow,60000,1315,6392
slow,60500,1311,6375
slow,61000,1315,6392
slow,61500,1312,6381
slow,62000,1312,6381
slow,62500,1312,6381
slow,63000,1315,6392
slow,63500,1315,6392
slow,64000,1311,6375
slow,64500,1309,6363
slow,65000,1311,6375
slow,65500,1311,6375
slow,66000,1311,6375
slow,66500,1310,6369
slow,67000,1311,6375
slow,67500,1309,6363
slow,68000,1315,6392
slow,68500,1312,6381
slow,69000,1315,6392
slow,69500,1312,6381
slow,70000,1312,6381
slow,70500,1309,6363
slow,71000,1307,6357
slow,71500,1311,6375
slow,72000,1312,6381
slow,72500,1307,6357
slow,73000,1309,6363
slow,73500,1316,6398
slow,74000,1311,6375
slow,74500,1315,6392
slow,75000,1315,6392
slow,75500,1315,6392
slow,76000,1315,6392
slow,76500,1312,6381
slow,77000,1309,6363
slow,77500,1311,6375
slow,78000,1310,6369
slow,78500,1312,6381
slow,79000,1316,6398
slow,79500,1315,6392
slow,80000,1312,6381
slow,80500,1309,6363
slow,81000,1312,6381
slow,81500,1311,6375
slow,82000,1311,6375
slow,82500,1311,6375
slow,83000,1315,6392
slow,83500,1311,6375
slow,84000,1311,6375
slow,84500,1309,6363
slow,85000,1307,6357
slow,85500,1311,6375
slow,86000,1310,6369
slow,86500,1307,6357
slow,87000,1309,6363
slow,87500,1316,6398
slow,88000,1311,6375
slow,88500,1311,6375
slow,89000,1242,6040
slow,89500,1311,6375
slow,90000,1316,6398
slow,90500,1315,6392
slow,91000,1307,6357
slow,91500,1315,6392
slow,92000,1315,6392
slow,92500,1316,6398
slow,93000,1310,6369
slow,93500,1316,6398
slow,94000,1310,6369
slow,94500,1310,6369
slow,95000,1315,6392
slow,95500,1315,6392
slow,96000,1312,6381
slow,96500,1311,6375
slow,97000,1310,6369
slow,97500,1243,6046
slow,98000,1311,6375
slow,98500,1310,6369
slow,99000,1307,6357
slow,99500,1315,6392
slow,100000,1312,6381
slow,100500,1309,6363
slow,101000,1309,6363
slow,101500,1311,6375
slow,102000,1314,6392
slow,102500,1316,6398
slow,103000,1311,6375
slow,103500,1312,6381
slow,104000,1315,6392
slow,104500,1310,6369
slow,105000,1310,6369
slow,105500,1312,6381
slow,106000,1236,6010
slow,106500,1315,6392
slow,107000,1309,6363
slow,107500,1316,6398
slow,108000,1310,6369
slow,108500,1311,6375
slow,109000,1317,6404
slow,109500,1312,6381
slow,110000,1317,6404
slow,110500,1309,6363
slow,111000,1317,6404
slow,111500,1315,6392
slow,112000,1315,6392
slow,112500,1311,6375
slow,113000,1312,6381
slow,113500,1316,6398
slow,114000,1315,6392
slow,114500,1301,6328
slow,115000,1308,6363
slow,115500,1316,6398
slow,116000,1315,6392
slow,116500,1311,6375
slow,117000,1316,6398
slow,117500,1315,6392
slow,118002,1311,6375
slow,118500,1309,6363
slow,119001,1309,6363
slow,119500,1311,6375
slow,120001,1311,6375
slow,120500,1311,6375
slow,121000,1309,6363
slow,121500,1312,6381
slow,122001,1309,6363
slow,122500,1315,6392
slow,123000,1311,6375
slow,123500,1315,6392
slow,124000,1311,6375
slow,124500,1312,6381
slow,125000,1307,6357
slow,125500,1317,6404
slow,126000,1312,6381
slow,126500,1309,6363
slow,127000,1315,6392
slow,127500,1311,6375
slow,128000,1315,6392
slow,128500,1311,6375
slow,129000,1311,6375
slow,129500,1316,6398
slow,130000,1317,6404
slow,130500,1311,6375
slow,131000,1315,6392
slow,131500,1315,6392
slow,132000,1315,6392
slow,132500,1312,6381
slow,133000,1309,6363
slow,133500,1315,6392
slow,134000,1311,6375
slow,134500,1309,6363
slow,135000,1310,6369
slow,135500,1315,6392
slow,136000,1315,6392
slow,136500,1316,6398
slow,137000,1315,6392
slow,137500,1316,6398
slow,138000,1312,6381
slow,138500,1311,6375
slow,139000,1310,6369
slow,139500,1315,6392
slow,140000,1315,6392
slow,140500,1316,6398
slow,141000,1311,6375
slow,141500,1316,6398
slow,142000,1317,6404
slow,142500,1316,6398
slow,143000,1315,6392
slow,143500,1316,6398
slow,144000,1311,6375
slow,144500,1315,6392
slow,145000,1315,6392
slow,145500,1316,6398
slow,146000,1312,6381
slow,146500,1307,6357
slow,147000,1311,6375
slow,147500,1316,6398
slow,148000,1316,6398
slow,148500,1309,6363
slow,149000,1309,6363
slow,149500,1312,6381
slow,150000,1316,6398
slow,150500,1317,6404
slow,151000,1318,6410
slow,151500,1315,6392
slow,152000,1315,6392
slow,152500,1309,6363
slow,153000,1311,6375
slow,153500,1318,6410
slow,154000,1316,6398
slow,154500,1311,6375
slow,155000,1311,6375
slow,155500,1315,6392
slow,156000,1316,6398
slow,156500,1312,6381
slow,157000,1311,6375
slow,157500,1317,6404
slow,158000,1316,6398
slow,158500,1312,6381
slow,159000,1311,6375
slow,159500,1316,6398
slow,160000,1311,6375
slow,160500,1309,6363
slow,161000,1311,6375
slow,161500,1240,6028
slow,162000,1317,6404
slow,162500,1309,6363
slow,163000,1312,6381
slow,163500,1315,6392
slow,164000,1312,6381
slow,164500,1315,6392
slow,165000,1316,6398
slow,165500,1311,6375
slow,166000,1311,6375
slow,166500,1310,6369
slow,167000,1307,6357
slow,167500,1311,6375
slow,168000,1315,6392
slow,168500,1308,6363
slow,169000,1309,6363
slow,169500,1311,6375
slow,170000,1239,6022
slow,170500,1315,6392
slow,171000,1311,6375
slow,171500,1315,6392
slow,172000,1312,6381
slow,172500,1316,6398
slow,173000,1312,6381
slow,173500,1316,6398
slow,174000,1312,6381
slow,174500,1316,6398
slow,175000,1315,6392
slow,175500,1311,6375
slow,176000,1312,6381
slow,176500,1312,6381
slow,177000,1311,6375
slow,177500,1315,6392
slow,178000,1316,6398
slow,178500,1307,6357
slow,179000,1312,6381
slow,179500,1316,6398
slow,180000,1315,6392
slow,180500,1311,6375
slow,181000,1310,6369
slow,181500,1315,6392
slow,182000,1315,6392
slow,182500,1309,6363
slow,183000,1308,6363
slow,183500,1317,6404
slow,184000,1316,6398
slow,184500,1317,6404
slow,185000,1316,6398
slow,185500,1316,6398
slow,186000,1314,6392
slow,186500,1311,6375
slow,187000,1309,6363
slow,187500,1316,6398
slow,188000,1312,6381
slow,188500,1317,6404
slow,189000,1311,6375
slow,189500,1316,6398
slow,190000,1317,6404
slow,190500,1311,6375
slow,191000,1315,6392
slow,191500,1315,6392
slow,192000,1317,6404
slow,192500,1312,6381
slow,193000,1317,6404
slow,193500,1311,6375
slow,194000,1317,6404
slow,194500,1311,6375
slow,195000,1312,6381
slow,195500,1315,6392
slow,196000,1317,6404
slow,196500,1310,6369
slow,197000,1316,6398
slow,197500,1315,6392
slow,198000,1316,6398
slow,198500,1315,6392
slow,199000,1316,6398
slow,199500,1316,6398
slow,200000,1315,6392
slow,200500,1311,6375
slow,201000,1311,6375
slow,201500,1312,6381
slow,202000,1315,6392
slow,202500,1309,6363
slow,203000,1309,6363
slow,203500,1315,6392
slow,204000,1315,6392
slow,204500,1311,6375
slow,205000,1317,6404
slow,205500,1316,6398
slow,206000,1317,6404
slow,206500,1310,6369
slow,207000,1309,6363
slow,207500,1317,6404
slow,208000,1314,6392
slow,208500,1315,6392
slow,209000,1310,6369
slow,209500,1316,6398
slow,210000,1315,6392
slow,210500,1317,6404
slow,211000,1317,6404
slow,211500,1316,6398
slow,212000,1315,6392
slow,212500,1315,6392
slow,213000,1315,6392
slow,213500,1311,6375
slow,214000,1317,6404
slow,214500,1311,6375
slow,215000,1315,6392
slow,215500,1315,6392
slow,216000,1316,6398
slow,216500,1309,6363
slow,217000,1315,6392
slow,217500,1315,6392
slow,218000,1316,6398
slow,218500,1315,6392
slow,219000,1315,6392
slow,219500,1315,6392
slow,220000,1316,6398
slow,220500,1309,6363
slow,221000,1310,6369
slow,221500,1312,6381
slow,222000,1315,6392
slow,222500,1309,6363
slow,223000,1310,6369
slow,223500,1317,6404
slow,224000,1316,6398
slow,224500,1316,6398
slow,225000,1312,6381
slow,225500,1239,6022
slow,226000,1315,6392
slow,226500,1311,6375
slow,227000,1310,6369
slow,227500,1315,6392
slow,228000,1317,6404
slow,228500,1317,6404
slow,229000,1310,6369
slow,229500,1315,6392
slow,230000,1315,6392
slow,230500,1317,6404
slow,231000,1317,6404
slow,231500,1317,6404
slow,232000,1315,6392
slow,232500,1315,6392
slow,233000,1315,6392
slow,233500,1311,6375
slow,234000,1263,6140
slow,234500,1308,6363
slow,235000,1315,6392
slow,235500,1312,6381
slow,236000,1315,6392
slow,236500,1309,6363
slow,237000,1316,6398
slow,237500,1318,6410
slow,238000,1315,6392
slow,238500,1317,6404
slow,239000,1311,6375
slow,239500,1316,6398
slow,240000,1311,6375
slow,240500,1309,6363
slow,241000,1311,6375
slow,241500,1312,6381
slow,242000,1312,6381
slow,242500,1300,6322
slow,243000,1311,6375
slow,243500,1315,6392
slow,244000,1315,6392
slow,244500,1316,6398
slow,245000,1315,6392
slow,245500,1315,6392
slow,246000,1315,6392
slow,246500,1315,6392
slow,247000,1311,6375
slow,247500,1317,6404
slow,248000,1311,6375
slow,248500,1317,6404
slow,249000,1311,6375
slow,249500,1317,6404
slow,250000,1315,6392
slow,250500,1311,6375
slow,251000,1311,6375
slow,251500,1317,6404
slow,252000,1316,6398
slow,252500,1317,6404
slow,253000,1317,6404
slow,253500,1316,6398
slow,254000,1315,6392
slow,254500,1311,6375
slow,255000,1310,6369
slow,255500,1317,6404
slow,256000,1317,6404
slow,256500,1310,6369
slow,257000,1309,6363
slow,257500,1316,6398
slow,258000,1315,6392
slow,258500,1317,6404
slow,259000,1311,6375
slow,259500,1317,6404
slow,260000,1317,6404
slow,260500,1309,6363
slow,261000,1309,6363
slow,261500,1315,6392
slow,262000,1317,6404
slow,262500,1315,6392
slow,263000,1311,6375
slow,263500,1315,6392
slow,264000,1317,6404
slow,264500,1315,6392
slow,265000,1315,6392
slow,265500,1315,6392
slow,266000,1316,6398
slow,266500,1317,6404
slow,267000,1316,6398
slow,267500,1311,6375
slow,268000,1315,6392
slow,268500,1310,6369
slow,269000,1315,6392
slow,269500,1315,6392
slow,270000,1315,6392
slow,270500,1309,6363
slow,271000,1312,6381
slow,271500,1319,6416
slow,272000,1317,6404
slow,272500,1315,6392
slow,273000,1316,6398
slow,273500,1316,6398
slow,274000,1317,6404
slow,274500,1309,6363
slow,275000,1310,6369
slow,275500,1317,6404
slow,276000,1315,6392
slow,276500,1307,6357
slow,277000,1309,6363
slow,277500,1316,6398
slow,278000,1316,6398
slow,278500,1316,6398
slow,279000,1317,6404
slow,279500,1315,6392
slow,280000,1317,6404
slow,280500,1317,6404
slow,281000,1255,6105
slow,281500,1317,6404
slow,282000,1316,6398
slow,282500,1315,6392
slow,283000,1316,6398
slow,283500,1317,6404
slow,284000,1318,6410
slow,284500,1311,6375
slow,285000,1315,6392
slow,285500,1311,6375
slow,286000,1317,6404
slow,286500,1315,6392
slow,287000,1311,6375
slow,287500,1316,6398
slow,288000,1316,6398
slow,288500,1309,6363
slow,289000,1311,6375
slow,289500,1240,6028
slow,290000,1315,6392
slow,290500,1310,6369
slow,291000,1311,6375
slow,291500,1317,6404
slow,292000,1317,6404
slow,292500,1315,6392
slow,293000,1315,6392
slow,293500,1317,6404
slow,294000,1319,6416
slow,294500,1311,6375
slow,295000,1311,6375
slow,295500,1315,6392
slow,296000,1316,6398
slow,296500,1315,6392
slow,297000,1311,6375
slow,297500,1317,6404
slow,298000,1240,6028
slow,298500,1316,6398
slow,299000,1312,6381
slow,299500,1317,6404
slow,300000,1315,6392
